[{"fecha":"2026-01-01","local_id":"81","fk_region":"6","fk_comuna":"80","fk_localidad":"41","local_nombre":"AHUMADA","comuna_nombre":"VIÑA DEL MAR","localidad_nombre":"VIÑA DEL MAR URGENCIA","local_direccion":"AV. LIBERTAD N° 335","funcionamiento_hora_apertura":"00:00:00","funcionamiento_hora_cierre":"23:59:00","local_telefono":"+560226313145","local_lat":"-33.0189172526154","local_lng":"-71.5510733225955","funcionamiento_dia":"martes"},{"fecha":"2026-01-01","local_id":"94","fk_region":"6","fk_comuna":"80","fk_localidad":"41","local_nombre":"CRUZ VERDE","comuna_nombre":"VIÑA DEL MAR","localidad_nombre":"VIÑA DEL MAR URGENCIA","local_direccion":"AV. VALPARAISO N° 404","funcionamiento_hora_apertura":"00:00:00","funcionamiento_hora_cierre":"23:59:00","local_telefono":"+56322714044","local_lat":"-33.024369299178","local_lng":"-71.5569460874684","funcionamiento_dia":"martes"},{"fecha":"2026-01-01","local_id":"186","fk_region":"6","fk_comuna":"78","fk_localidad":"1","local_nombre":"CRUZ VERDE","comuna_nombre":"VALPARAISO","localidad_nombre":"VALPARAISO URGENCIA","local_direccion":"AV. PEDRO MONTT 1902","funcionamiento_hora_apertura":"00:00:00","funcionamiento_hora_cierre":"23:59:00","local_telefono":"+56322745048","local_lat":"-33.0470628068749","local_lng":"-71.6169778733873","funcionamiento_dia":"martes"},{"fecha":"2026-01-14","local_id":"208","fk_region":"6","fk_comuna":"48","fk_localidad":"5","local_nombre":"SAN SEBASTIAN","comuna_nombre":"CARTAGENA","localidad_nombre":"CARTAGENA","local_direccion":"CASANOVA Nº 328","funcionamiento_hora_apertura":"09:00:00","funcionamiento_hora_cierre":"23:00:00","local_telefono":"+562451357","local_lat":"-33.547220627122","local_lng":"-71.6031519364708","funcionamiento_dia":"miercoles"},{"fecha":"2026-01-14","local_id":"218","fk_region":"6","fk_comuna":"73","fk_localidad":"19","local_nombre":"SALCOBRAND","comuna_nombre":"SAN ANTONIO","localidad_nombre":"SAN ANTONIO","local_direccion":"AV. CENTENARIO Nº 102","funcionamiento_hora_apertura":"09:00:00","funcionamiento_hora_cierre":"08:59:00","local_telefono":"+56224223300 anexo 5356","local_lat":"-33.5805083390525","local_lng":"-71.6116593880986","funcionamiento_dia":"miercoles"},{"fecha":"2026-01-14","local_id":"245","fk_region":"6","fk_comuna":"46","fk_localidad":"4","local_nombre":"CABILDO","comuna_nombre":"CABILDO","localidad_nombre":"CABILDO","local_direccion":"AVENIDA HUMERES N° 753","funcionamiento_hora_apertura":"09:00:00","funcionamiento_hora_cierre":"23:00:00","local_telefono":"2763055","local_lat":"-32.4269387133692","local_lng":"-71.0678172203613","funcionamiento_dia":"miercoles"},{"fecha":"2026-01-14","local_id":"260","fk_region":"6","fk_comuna":"61","fk_localidad":"20","local_nombre":"DR. SIMI","comuna_nombre":"LOS ANDES","localidad_nombre":"LOS ANDES","local_direccion":"CALLE OHIGGINS N° 293","funcionamiento_hora_apertura":"09:00:00","funcionamiento_hora_cierre":"08:59:00","local_telefono":"3622","local_lat":"-32.8343958","local_lng":"-70.5976099","funcionamiento_dia":"miercoles"},{"fecha":"2026-01-14","local_id":"305","fk_region":"6","fk_comuna":"67","fk_localidad":"30","local_nombre":"CRUZ VERDE","comuna_nombre":"PUCHUNCAVI","localidad_nombre":"PUCHUNCAVI","local_direccion":"CARRETERA F 30 - E   KM 45 LOC 1 MAITENCILLO","funcionamiento_hora_apertura":"09:00:00","funcionamiento_hora_cierre":"23:00:00","local_telefono":"+56342771581","local_lat":"-32.6460432480962","local_lng":"-71.4250085014157","funcionamiento_dia":"miercoles"},{"fecha":"2026-01-14","local_id":"321","fk_region":"2","fk_comuna":"5","fk_localidad":"61","local_nombre":"FARMACIA CRUZ DEL SUR","comuna_nombre":"ALTO HOSPICIO","localidad_nombre":"ALTO HOSPICIO","local_direccion":"AVENIDA LOS CÓNDORES 3824","funcionamiento_hora_apertura":"08:00:00","funcionamiento_hora_cierre":"23:59:00","local_telefono":"+56572323097","local_lat":"-20.27439531605","local_lng":"-70.096399784","funcionamiento_dia":"miercoles"},{"fecha":"2026-01-01","local_id":"335","fk_region":"2","fk_comuna":"9","fk_localidad":"65","local_nombre":"FARMACIA CRUZ VERDE ","comuna_nombre":"IQUIQUE","localidad_nombre":"IQUIQUE","local_direccion":"TARAPACA 496","funcionamiento_hora_apertura":"00:00:00","funcionamiento_hora_cierre":"23:59:00","local_telefono":"+562425641","local_lat":"-20.213904","local_lng":"-70.150348","funcionamiento_dia":"martes"},{"fecha":"2026-01-14","local_id":"345","fk_region":"6","fk_comuna":"75","fk_localidad":"37","local_nombre":"ECOFARMACIAS","comuna_nombre":"SAN FELIPE","localidad_nombre":"SAN FELIPE","local_direccion":"CALLE ARTURO PRAT N° 776","funcionamiento_hora_apertura":"09:00:00","funcionamiento_hora_cierre":"08:59:00","local_telefono":"2345132","local_lat":"-32.7500343802175","local_lng":"-70.7259458789179","funcionamiento_dia":"miercoles"},{"fecha":"2026-01-14","local_id":"490","fk_region":"6","fk_comuna":"71","fk_localidad":"34","local_nombre":"NUEVA SALUD","comuna_nombre":"QUINTERO","localidad_nombre":"QUINTERO","local_direccion":"AVENIDA AV. NORMANDI 2680","funcionamiento_hora_apertura":"09:00:00","funcionamiento_hora_cierre":"08:59:00","local_telefono":"2935087","local_lat":"-32.7924497555717","local_lng":"-71.5266699049151","funcionamiento_dia":"miercoles"},{"fecha":"2026-01-14","local_id":"757","fk_region":"7","fk_comuna":"83","fk_localidad":"547","local_nombre":"DEL DR. SIMI ","comuna_nombre":"BUIN","localidad_nombre":"TURNOS","local_direccion":"CALLE SANTA MARIA 304","funcionamiento_hora_apertura":"08:00:00","funcionamiento_hora_cierre":"07:59:00","local_telefono":"28211152","local_lat":"-33.7332567","local_lng":"-70.7371119","funcionamiento_dia":"miercoles"},{"fecha":"2026-01-14","local_id":"814","fk_region":"7","fk_comuna":"88","fk_localidad":"549","local_nombre":"BELEN","comuna_nombre":"CONCHALI","localidad_nombre":"TURNOS","local_direccion":"AVENIDA INDEPENDENCIA 6035","funcionamiento_hora_apertura":"08:00:00","funcionamiento_hora_cierre":"07:59:00","local_telefono":"26236843","local_lat":"-33.369134","local_lng":"-70.688367","funcionamiento_dia":"miercoles"},{"fecha":"2026-01-14","local_id":"881","fk_region":"7","fk_comuna":"92","fk_localidad":"551","local_nombre":"SAINT GERMAIN","comuna_nombre":"ESTACION CENTRAL","localidad_nombre":"TURNOS","local_direccion":"AVENIDA 5 DE ABRIL 5101","funcionamiento_hora_apertura":"08:00:00","funcionamiento_hora_cierre":"07:59:00","local_telefono":"","local_lat":"-33.4644204","local_lng":"-70.7053937","funcionamiento_dia":"miercoles"},{"fecha":"2026-01-14","local_id":"1363","fk_region":"7","fk_comuna":"111","fk_localidad":"552","local_nombre":"FARMA-MARKET","comuna_nombre":"PADRE HURTADO","localidad_nombre":"TURNOS","local_direccion":"AVENIDA EL MANZANO 285","funcionamiento_hora_apertura":"08:00:00","funcionamiento_hora_cierre":"07:59:00","local_telefono":"28341225","local_lat":"-33.568193","local_lng":"-70.8090266","funcionamiento_dia":"miercoles"},{"fecha":"2026-01-14","local_id":"1639","fk_region":"7","fk_comuna":"121","fk_localidad":"557","local_nombre":"MYPHARMA","comuna_nombre":"QUINTA NORMAL","localidad_nombre":"TURNOS","local_direccion":"AVENIDA MARIA ROZAS VELASQUEZ 1051","funcionamiento_hora_apertura":"08:00:00","funcionamiento_hora_cierre":"07:59:00","local_telefono":"24576146","local_lat":"-33.4417357","local_lng":"-70.7071126","funcionamiento_dia":"miercoles"},{"fecha":"2026-01-14","local_id":"1659","fk_region":"7","fk_comuna":"122","fk_localidad":"558","local_nombre":"CUMBRES","comuna_nombre":"RECOLETA","localidad_nombre":"TURNOS","local_direccion":"CALLE PRINCIPAL IGNACIO CARRERA PINTO 670","funcionamiento_hora_apertura":"08:00:00","funcionamiento_hora_cierre":"07:59:00","local_telefono":"28917316","local_lat":"-33.3813652","local_lng":"-70.6479592","funcionamiento_dia":"miercoles"},{"fecha":"2026-01-14","local_id":"1737","fk_region":"7","fk_comuna":"125","fk_localidad":"560","local_nombre":"LA FLORIDA","comuna_nombre":"SAN JOAQUIN","localidad_nombre":"TURNOS","local_direccion":"AVENIDA DEPARTAMENTAL 30","funcionamiento_hora_apertura":"08:00:00","funcionamiento_hora_cierre":"07:59:00","local_telefono":"22211794","local_lat":"-33.508212","local_lng":"-70.61467","funcionamiento_dia":"miercoles"},{"fecha":"2026-01-14","local_id":"1958","fk_region":"7","fk_comuna":"133","fk_localidad":"561","local_nombre":"EL SOL","comuna_nombre":"TALAGANTE","localidad_nombre":"TURNOS","local_direccion":"CALLE FRANCISCO CHACON 851","funcionamiento_hora_apertura":"08:00:00","funcionamiento_hora_cierre":"07:59:00","local_telefono":"28151433","local_lat":"-33.6646867","local_lng":"-70.9288706","funcionamiento_dia":"miercoles"},{"fecha":"2026-01-14","local_id":"2271","fk_region":"10","fk_comuna":"200","fk_localidad":"219","local_nombre":"SALUDFARMA EIRL","comuna_nombre":"ARAUCO","localidad_nombre":"ARAUCO","local_direccion":"CAUPOLICÁN 512-A","funcionamiento_hora_apertura":"09:00:00","funcionamiento_hora_cierre":"08:59:00","local_telefono":"+562183291","local_lat":"-37.2469036","local_lng":"-73.31810659999996","funcionamiento_dia":"miercoles"},{"fecha":"2026-01-14","local_id":"2279","fk_region":"10","fk_comuna":"203","fk_localidad":"222","local_nombre":"DR. SIMI","comuna_nombre":"CAÑETE","localidad_nombre":"CAÑETE LOCALIDAD 1","local_direccion":"Saavedra 939","funcionamiento_hora_apertura":"09:00:00","funcionamiento_hora_cierre":"08:59:00","local_telefono":"+562613154","local_lat":"-37.7985233","local_lng":"-73.39917439999999","funcionamiento_dia":"miercoles"},{"fecha":"2026-01-01","local_id":"2302","fk_region":"16","fk_comuna":"205","fk_localidad":"224","local_nombre":"CRUZ VERDE","comuna_nombre":"CHILLAN","localidad_nombre":"CHILLAN","local_direccion":"CALLE CINCO DE ABRIL 701","funcionamiento_hora_apertura":"00:00:00","funcionamiento_hora_cierre":"23:59:00","local_telefono":"2228423","local_lat":"-36.609273","local_lng":"-72.101566","funcionamiento_dia":"martes"},{"fecha":"2026-01-14","local_id":"2313","fk_region":"16","fk_comuna":"205","fk_localidad":"224","local_nombre":"SALCOBRAND","comuna_nombre":"CHILLAN","localidad_nombre":"CHILLAN","local_direccion":"CALLE FRANCISCO RAMÍREZ 1","funcionamiento_hora_apertura":"09:00:00","funcionamiento_hora_cierre":"23:59:00","local_telefono":"2214412","local_lat":"-36.6092867","local_lng":"-72.0926276","funcionamiento_dia":"miercoles"},{"fecha":"2026-01-01","local_id":"2332","fk_region":"10","fk_comuna":"210","fk_localidad":"229","local_nombre":"AHUMADA","comuna_nombre":"CONCEPCION","localidad_nombre":"COLLAO","local_direccion":"AVENIDA JUAN BOSCO 501","funcionamiento_hora_apertura":"00:00:00","funcionamiento_hora_cierre":"23:59:00","local_telefono":"","local_lat":"-36.8156098","local_lng":"-73.0311192","funcionamiento_dia":"martes"},{"fecha":"2026-01-14","local_id":"2395","fk_region":"10","fk_comuna":"213","fk_localidad":"232","local_nombre":"FARMACIA DR. SIMI","comuna_nombre":"CURANILAHUE","localidad_nombre":"CURANILAHUE LOCALIDAD 1","local_direccion":"OHIGGINS Nº 101","funcionamiento_hora_apertura":"09:00:00","funcionamiento_hora_cierre":"08:59:00","local_telefono":"+56412692915","local_lat":"-37.4727826716","local_lng":"-73.3474876865","funcionamiento_dia":"miercoles"},{"fecha":"2026-01-14","local_id":"2435","fk_region":"16","fk_comuna":"235","fk_localidad":"254","local_nombre":"SALCOBRAND","comuna_nombre":"SAN CARLOS","localidad_nombre":"SAN CARLOS","local_direccion":"CALLE IGNACIO SERRANO 593","funcionamiento_hora_apertura":"09:00:00","funcionamiento_hora_cierre":"08:59:00","local_telefono":"2411476","local_lat":"-36.4255916666667","local_lng":"-71.9574527777778","funcionamiento_dia":"miercoles"},{"fecha":"2026-01-01","local_id":"2438","fk_region":"10","fk_comuna":"240","fk_localidad":"259","local_nombre":"AHUMADA","comuna_nombre":"SAN PEDRO DE LA PAZ","localidad_nombre":"SAN PEDRO DE LA PAZ NORTE","local_direccion":"AVENIDA MICHIMALONCO 1120","funcionamiento_hora_apertura":"00:00:00","funcionamiento_hora_cierre":"23:59:00","local_telefono":"","local_lat":"-36.8429936","local_lng":"-73.0938803","funcionamiento_dia":"martes"},{"fecha":"2026-01-01","local_id":"2456","fk_region":"10","fk_comuna":"244","fk_localidad":"263","local_nombre":"CRUZ VERDE","comuna_nombre":"TALCAHUANO","localidad_nombre":"TALCAHUANO-HUALPEN CENTRO","local_direccion":"AVENIDA COLÓN 300","funcionamiento_hora_apertura":"00:00:00","funcionamiento_hora_cierre":"23:59:00","local_telefono":"","local_lat":"-36.7131145","local_lng":"-73.1138018","funcionamiento_dia":"martes"},{"fecha":"2026-01-14","local_id":"2479","fk_region":"10","fk_comuna":"246","fk_localidad":"265","local_nombre":"REDFARMA","comuna_nombre":"TOME","localidad_nombre":"TOME","local_direccion":"CALLE EGAÑA 1006","funcionamiento_hora_apertura":"09:00:00","funcionamiento_hora_cierre":"08:59:00","local_telefono":"","local_lat":"-36.618688","local_lng":"-72.9561611","funcionamiento_dia":"miercoles"},{"fecha":"2026-01-01","local_id":"2484","fk_region":"10","fk_comuna":"220","fk_localidad":"239","local_nombre":"CRUZ VERDE","comuna_nombre":"LOS ANGELES","localidad_nombre":"LOS ANGELES - LOCALIDAD 1","local_direccion":"COLÓN 411","funcionamiento_hora_apertura":"00:00:00","funcionamiento_hora_cierre":"23:59:00","local_telefono":"+56993796276","local_lat":"-37.469141","local_lng":"-72.350826","funcionamiento_dia":"martes"},{"fecha":"2026-01-14","local_id":"3095","fk_region":"13","fk_comuna":"311","fk_localidad":"384","local_nombre":"FARMACIA SALCOBRAND","comuna_nombre":"PUERTO MONTT","localidad_nombre":"SECTOR CENTRO","local_direccion":"ANTONIO VARAS 549","funcionamiento_hora_apertura":"08:00:00","funcionamiento_hora_cierre":"23:59:00","local_telefono":"+562259440","local_lat":"-41.4725917","local_lng":"-72.94239959999999","funcionamiento_dia":"miercoles"},{"fecha":"2026-01-01","local_id":"3114","fk_region":"13","fk_comuna":"311","fk_localidad":"382","local_nombre":"FARMACIAS CRUZ VERDE ","comuna_nombre":"PUERTO MONTT","localidad_nombre":"SECTOR CUARTA TERRAZA","local_direccion":"AVDA. PRESIDENTE IBAÑEZ 173 LOCAL 1","funcionamiento_hora_apertura":"00:00:00","funcionamiento_hora_cierre":"23:59:00","local_telefono":"+56993796664","local_lat":"-41.4617201","local_lng":"-72.94411550000001","funcionamiento_dia":"martes"},{"fecha":"2026-01-14","local_id":"3124","fk_region":"4","fk_comuna":"22","fk_localidad":"78","local_nombre":"FARMACIA LA BOTIKA","comuna_nombre":"CALDERA","localidad_nombre":"CALDERA","local_direccion":"CALLE COUSIÑO 325","funcionamiento_hora_apertura":"09:00:00","funcionamiento_hora_cierre":"08:59:00","local_telefono":"522315838","local_lat":"-27.0668522","local_lng":"-70.8217959","funcionamiento_dia":"miercoles"},{"fecha":"2026-01-01","local_id":"3126","fk_region":"4","fk_comuna":"24","fk_localidad":"80","local_nombre":"FARMACIA CRUZ VERDE","comuna_nombre":"COPIAPO","localidad_nombre":"COPIAPO","local_direccion":"CALLE BERNARDO O'HIGGINS 500","funcionamiento_hora_apertura":"00:00:00","funcionamiento_hora_cierre":"23:59:00","local_telefono":"522241213","local_lat":"-27.3659552768545","local_lng":"-70.33417253640327","funcionamiento_dia":"martes"},{"fecha":"2026-01-14","local_id":"3132","fk_region":"4","fk_comuna":"29","fk_localidad":"85","local_nombre":"FARMACIA CRUZ VERDE","comuna_nombre":"VALLENAR","localidad_nombre":"VALLENAR","local_direccion":"AVENIDA ARTURO PRAT 1040","funcionamiento_hora_apertura":"09:00:00","funcionamiento_hora_cierre":"08:59:00","local_telefono":"512618857","local_lat":"-28.5767812","local_lng":"-70.7591148","funcionamiento_dia":"miercoles"},{"fecha":"2026-01-14","local_id":"3171","fk_region":"12","fk_comuna":"292","fk_localidad":"311","local_nombre":"CENTRO","comuna_nombre":"PAILLACO","localidad_nombre":"PAILLACO","local_direccion":"O´HIGGINS Nº 36","funcionamiento_hora_apertura":"09:00:00","funcionamiento_hora_cierre":"08:59:00","local_telefono":"+562421339","local_lat":"-40.071527","local_lng":"-72.8764726","funcionamiento_dia":"miercoles"},{"fecha":"2026-01-14","local_id":"3177","fk_region":"12","fk_comuna":"293","fk_localidad":"312","local_nombre":"REDFARMA","comuna_nombre":"RIO BUENO","localidad_nombre":"RIO BUENO","local_direccion":"PEDRO LAGOS Nº 601","funcionamiento_hora_apertura":"09:00:00","funcionamiento_hora_cierre":"08:59:00","local_telefono":"+56632344729","local_lat":"-40.33425","local_lng":"-72.95463888888","funcionamiento_dia":"miercoles"},{"fecha":"2026-01-14","local_id":"3186","fk_region":"12","fk_comuna":"291","fk_localidad":"310","local_nombre":"DR. SIMI","comuna_nombre":"PANGUIPULLI","localidad_nombre":"PANGUIPULLI","local_direccion":"MARTINEZ DE ROSAS Nº 531","funcionamiento_hora_apertura":"09:00:00","funcionamiento_hora_cierre":"08:59:00","local_telefono":"+562311500","local_lat":"-39.643055555556","local_lng":"-72.3296944444444","funcionamiento_dia":"miercoles"},{"fecha":"2026-01-01","local_id":"3191","fk_region":"11","fk_comuna":"275","fk_localidad":"294","local_nombre":"FARMACIA CRUZ VERDE L-367","comuna_nombre":"TEMUCO","localidad_nombre":"TEMUCO","local_direccion":"AVENIDA ALEMANIA 0780","funcionamiento_hora_apertura":"00:00:00","funcionamiento_hora_cierre":"23:59:00","local_telefono":"2244915","local_lat":"-38.736366215393986","local_lng":"-72.61581743068848","funcionamiento_dia":"martes"},{"fecha":"2026-01-14","local_id":"3195","fk_region":"12","fk_comuna":"284","fk_localidad":"303","local_nombre":"SALCOBRAND","comuna_nombre":"LA UNION","localidad_nombre":"LA UNION","local_direccion":"ESMERALDA Nº 731","funcionamiento_hora_apertura":"09:00:00","funcionamiento_hora_cierre":"08:59:00","local_telefono":"+562426153","local_lat":"-40.2945","local_lng":"-73.081","funcionamiento_dia":"miercoles"},{"fecha":"2026-01-14","local_id":"3242","fk_region":"13","fk_comuna":"318","fk_localidad":"337","local_nombre":"FARMACIA CHILHUE","comuna_nombre":"QUELLON","localidad_nombre":"QUELLON","local_direccion":"JUAN LADRILLEROS #202","funcionamiento_hora_apertura":"09:00:00","funcionamiento_hora_cierre":"08:59:00","local_telefono":"+56(65) 2681712","local_lat":"-43.1164894","local_lng":"-73.6302719","funcionamiento_dia":"miercoles"},{"fecha":"2026-01-14","local_id":"3257","fk_region":"13","fk_comuna":"294","fk_localidad":"313","local_nombre":"FARMACIA DR SIMI ","comuna_nombre":"ANCUD","localidad_nombre":"ANCUD","local_direccion":"ELEUTERIO RAMÍREZ Nº 330","funcionamiento_hora_apertura":"09:00:00","funcionamiento_hora_cierre":"08:59:00","local_telefono":"+5656992426819","local_lat":"-41.8695296","local_lng":"-73.8258669","funcionamiento_dia":"miercoles"},{"fecha":"2026-01-01","local_id":"3263","fk_region":"13","fk_comuna":"296","fk_localidad":"315","local_nombre":"FARMACIA CRUZ VERDE ","comuna_nombre":"CASTRO","localidad_nombre":"CASTRO","local_direccion":"CALLE SAN MARTIN  407","funcionamiento_hora_apertura":"00:00:00","funcionamiento_hora_cierre":"23:59:00","local_telefono":"2531618","local_lat":"-42.4816605","local_lng":"-73.7633728","funcionamiento_dia":"martes"},{"fecha":"2026-01-14","local_id":"3264","fk_region":"13","fk_comuna":"296","fk_localidad":"315","local_nombre":"FARMACIA CRUZ VERDE","comuna_nombre":"CASTRO","localidad_nombre":"CASTRO","local_direccion":"BLANCO 293","funcionamiento_hora_apertura":"09:00:00","funcionamiento_hora_cierre":"23:59:00","local_telefono":"+56652351543","local_lat":"-42.4828719","local_lng":"-73.76363320000002","funcionamiento_dia":"miercoles"},{"fecha":"2026-01-14","local_id":"3286","fk_region":"3","fk_comuna":"20","fk_localidad":"76","local_nombre":"FARMACIA VICTORIA","comuna_nombre":"TOCOPILLA","localidad_nombre":"TOCOPILLA","local_direccion":"21 DE MAYO Nº 1513-1529","funcionamiento_hora_apertura":"09:00:00","funcionamiento_hora_cierre":"23:00:00","local_telefono":"+56552813238","local_lat":"-22.087498","local_lng":"-70.19320599999997","funcionamiento_dia":"miercoles"},{"fecha":"2026-01-14","local_id":"3294","fk_region":"3","fk_comuna":"15","fk_localidad":"71","local_nombre":"FARMACIA FIGUESAN","comuna_nombre":"MEJILLONES","localidad_nombre":"MEJILLONES","local_direccion":"ALMIRANTE LATORRE N° 637","funcionamiento_hora_apertura":"09:00:00","funcionamiento_hora_cierre":"23:00:00","local_telefono":"+56552622038","local_lat":"-23.10000589138066","local_lng":"-70.44820569455624","funcionamiento_dia":"miercoles"},{"fecha":"2026-01-14","local_id":"3338","fk_region":"13","fk_comuna":"295","fk_localidad":"314","local_nombre":"FARMACIA VERONICA ","comuna_nombre":"CALBUCO","localidad_nombre":"CALBUCO","local_direccion":"ANTONIO VARAS 82 CALBUCO","funcionamiento_hora_apertura":"09:00:00","funcionamiento_hora_cierre":"08:59:00","local_telefono":"+566565 2461682","local_lat":"-41.7695891","local_lng":"-73.12764649999997","funcionamiento_dia":"miercoles"},{"fecha":"2026-01-01","local_id":"3364","fk_region":"13","fk_comuna":"309","fk_localidad":"328","local_nombre":"FARMACIA CRUZ VERDE","comuna_nombre":"OSORNO","localidad_nombre":"SECTOR CENTRO","local_direccion":"CALLE ELEUTERIO RAMIREZ 1000","funcionamiento_hora_apertura":"00:00:00","funcionamiento_hora_cierre":"23:59:00","local_telefono":"2311618","local_lat":"-40.5731785","local_lng":"-73.1334623","funcionamiento_dia":"martes"},{"fecha":"2026-01-01","local_id":"3371","fk_region":"14","fk_comuna":"328","fk_localidad":"347","local_nombre":"FARMACIAS CRUZ VERDE","comuna_nombre":"COYHAIQUE","localidad_nombre":"COYHAIQUE","local_direccion":"CALLE ARTURO PRAT  378","funcionamiento_hora_apertura":"00:00:00","funcionamiento_hora_cierre":"23:59:00","local_telefono":"2258386","local_lat":"-45.5729119","local_lng":"-72.0709977","funcionamiento_dia":"martes"},{"fecha":"2026-01-14","local_id":"3456","fk_region":"13","fk_comuna":"320","fk_localidad":"339","local_nombre":"FARMACIA QUINCHAO","comuna_nombre":"QUINCHAO","localidad_nombre":"QUINCHAO","local_direccion":"SERRANO Nº 019, ACHAO","funcionamiento_hora_apertura":"08:00:00","funcionamiento_hora_cierre":"23:59:00","local_telefono":"+562661466","local_lat":"-42.471176","local_lng":"-73.491798","funcionamiento_dia":"miercoles"},{"fecha":"2026-01-14","local_id":"3458","fk_region":"13","fk_comuna":"298","fk_localidad":"317","local_nombre":"FARMACIA NACIMIENTO","comuna_nombre":"CHONCHI","localidad_nombre":"CHONCHI","local_direccion":"CALLE CENTENARIO Nº186, CHONCHI","funcionamiento_hora_apertura":"08:00:00","funcionamiento_hora_cierre":"23:59:00","local_telefono":"+56652671254","local_lat":"-42.62276521619805","local_lng":"-73.77264618873596","funcionamiento_dia":"miercoles"},{"fecha":"2026-01-01","local_id":"3487","fk_region":"3","fk_comuna":"12","fk_localidad":"391","local_nombre":"FARMACIA CRUZ VERDE","comuna_nombre":"ANTOFAGASTA","localidad_nombre":"ANTOFAGASTA SUR","local_direccion":"AVENIDA ANGAMOS 785","funcionamiento_hora_apertura":"00:00:00","funcionamiento_hora_cierre":"23:59:00","local_telefono":"2258219","local_lat":"-23.6667333","local_lng":"-70.4042781","funcionamiento_dia":"martes"},{"fecha":"2026-01-14","local_id":"3529","fk_region":"11","fk_comuna":"271","fk_localidad":"290","local_nombre":"FARMACIA RELMU","comuna_nombre":"PUCON","localidad_nombre":"PUCON","local_direccion":"FRESIA Nº 354","funcionamiento_hora_apertura":"09:00:00","funcionamiento_hora_cierre":"08:59:00","local_telefono":"+562441204","local_lat":"-39.2760737","local_lng":"-71.97650940000001","funcionamiento_dia":"miercoles"},{"fecha":"2026-01-14","local_id":"3534","fk_region":"11","fk_comuna":"279","fk_localidad":"298","local_nombre":"FARMACIA AHUMADA(L-492)","comuna_nombre":"VICTORIA","localidad_nombre":"VICTORIA","local_direccion":"CALLE GENERAL LAGOS 567","funcionamiento_hora_apertura":"09:00:00","funcionamiento_hora_cierre":"08:59:00","local_telefono":"2910252","local_lat":"-38.234433009710806","local_lng":"-72.33275308991011","funcionamiento_dia":"miercoles"},{"fecha":"2026-01-14","local_id":"3539","fk_region":"11","fk_comuna":"278","fk_localidad":"297","local_nombre":"FARMACIA CRUZ VERDE","comuna_nombre":"TRAIGUEN","localidad_nombre":"TRAIGUEN","local_direccion":"CALLE SANTA CRUZ  795","funcionamiento_hora_apertura":"09:00:00","funcionamiento_hora_cierre":"08:59:00","local_telefono":"2467616","local_lat":"-38.24913427095767","local_lng":"-72.66859613018039","funcionamiento_dia":"miercoles"},{"fecha":"2026-01-14","local_id":"3544","fk_region":"11","fk_comuna":"255","fk_localidad":"274","local_nombre":"FARMACIA CRISTAL","comuna_nombre":"CURACAUTIN","localidad_nombre":"CURACAUTIN","local_direccion":"OHIGGINS Nº 405","funcionamiento_hora_apertura":"09:00:00","funcionamiento_hora_cierre":"08:59:00","local_telefono":"+56452881279","local_lat":"-38.437386599388965","local_lng":"-71.89296468059547","funcionamiento_dia":"miercoles"},{"fecha":"2026-01-14","local_id":"3550","fk_region":"11","fk_comuna":"277","fk_localidad":"296","local_nombre":"FARMACIA TOLTÉN","comuna_nombre":"TOLTEN","localidad_nombre":"TOLTEN","local_direccion":"SAN MARTÍN Nº 548","funcionamiento_hora_apertura":"09:00:00","funcionamiento_hora_cierre":"08:59:00","local_telefono":"+56452671790","local_lat":"-39.17795818231996","local_lng":"-73.16193455223464","funcionamiento_dia":"miercoles"},{"fecha":"2026-01-14","local_id":"3557","fk_region":"11","fk_comuna":"281","fk_localidad":"300","local_nombre":"F. CRUZ VERDE L-375","comuna_nombre":"VILLARRICA","localidad_nombre":"VILLARRICA","local_direccion":"AV. P. DE VALDIVIA Nº 712","funcionamiento_hora_apertura":"09:00:00","funcionamiento_hora_cierre":"23:59:00","local_telefono":"+562410920","local_lat":"-39.28280104885921","local_lng":"-72.22792323986783","funcionamiento_dia":"miercoles"},{"fecha":"2026-01-14","local_id":"3571","fk_region":"11","fk_comuna":"253","fk_localidad":"272","local_nombre":"DR. SIMI","comuna_nombre":"COLLIPULLI","localidad_nombre":"COLLIPULLI","local_direccion":"OCARROL Nº 964","funcionamiento_hora_apertura":"09:00:00","funcionamiento_hora_cierre":"08:59:00","local_telefono":"+56452519138","local_lat":"-37.95695865633374","local_lng":"-72.43627246664641","funcionamiento_dia":"miercoles"},{"fecha":"2026-01-14","local_id":"3574","fk_region":"11","fk_comuna":"262","fk_localidad":"281","local_nombre":"F. FRANCIA","comuna_nombre":"LONCOCHE","localidad_nombre":"LONCOCHE","local_direccion":"P. MONTT Nº 648","funcionamiento_hora_apertura":"09:00:00","funcionamiento_hora_cierre":"08:59:00","local_telefono":"+56452471095","local_lat":"-39.37087365983213","local_lng":"-72.63148349570082","funcionamiento_dia":"miercoles"},{"fecha":"2026-01-01","local_id":"3580","fk_region":"5","fk_comuna":"36","fk_localidad":"402","local_nombre":"CRUZ VERDE","comuna_nombre":"LA SERENA","localidad_nombre":"LA SERENA","local_direccion":"CORDOVEZ 510","funcionamiento_hora_apertura":"00:00:00","funcionamiento_hora_cierre":"23:59:00","local_telefono":"","local_lat":"-29.903136264072085","local_lng":"-71.24983934365603","funcionamiento_dia":"martes"},{"fecha":"2026-01-14","local_id":"3645","fk_region":"5","fk_comuna":"44","fk_localidad":"100","local_nombre":"CRUZ VERDE","comuna_nombre":"VICUÑA","localidad_nombre":"VICUÑA","local_direccion":"CHACABUCO 302","funcionamiento_hora_apertura":"09:00:00","funcionamiento_hora_cierre":"08:59:00","local_telefono":"+56","local_lat":"-30.03461219217131","local_lng":"-70.7133142143249","funcionamiento_dia":"miercoles"},{"fecha":"2026-01-01","local_id":"3662","fk_region":"8","fk_comuna":"162","fk_localidad":"430","local_nombre":"FARMACIA CRUZ VERDE","comuna_nombre":"RANCAGUA","localidad_nombre":"RANCAGUA URGENCIA","local_direccion":"CALLE BRASIL 801","funcionamiento_hora_apertura":"00:00:00","funcionamiento_hora_cierre":"23:59:00","local_telefono":"2222180","local_lat":"-34.1693171131014","local_lng":"-70.74636613754274","funcionamiento_dia":"martes"},{"fecha":"2026-01-01","local_id":"3676","fk_region":"8","fk_comuna":"162","fk_localidad":"430","local_nombre":"FARMACIA SALCOBRAND","comuna_nombre":"RANCAGUA","localidad_nombre":"RANCAGUA URGENCIA","local_direccion":"INDEPENDENCIA N° 798","funcionamiento_hora_apertura":"00:00:00","funcionamiento_hora_cierre":"23:59:00","local_telefono":"+56722227528","local_lat":"-34.1694815","local_lng":"-70.74616500000002","funcionamiento_dia":"martes"},{"fecha":"2026-01-01","local_id":"3690","fk_region":"8","fk_comuna":"165","fk_localidad":"184","local_nombre":"FARMACIA CRUZ VERDE","comuna_nombre":"SAN FERNANDO","localidad_nombre":"SAN FERNANDO","local_direccion":"AVENIDA MANUEL RODRIGUEZ 787","funcionamiento_hora_apertura":"00:00:00","funcionamiento_hora_cierre":"23:59:00","local_telefono":"2712927","local_lat":"-34.58757171966949","local_lng":"-70.98674275517862","funcionamiento_dia":"martes"},{"fecha":"2026-01-14","local_id":"3694","fk_region":"8","fk_comuna":"142","fk_localidad":"161","local_nombre":"LA COMPAÑÍA","comuna_nombre":"GRANEROS","localidad_nombre":"GRANEROS","local_direccion":"AVENIDA LA COMPAÑÍA N° 028","funcionamiento_hora_apertura":"08:00:00","funcionamiento_hora_cierre":"23:59:00","local_telefono":"+56722471434","local_lat":"-34.068042","local_lng":"-70.725371","funcionamiento_dia":"miercoles"},{"fecha":"2026-01-14","local_id":"3699","fk_region":"8","fk_comuna":"155","fk_localidad":"174","local_nombre":"FARCO","comuna_nombre":"PERALILLO","localidad_nombre":"PERALILLO","local_direccion":"MANUEL RODRIGUEZ 538, PERALILLO","funcionamiento_hora_apertura":"08:00:00","funcionamiento_hora_cierre":"23:59:00","local_telefono":"+567295304625","local_lat":"-34.478990414527445","local_lng":"-71.48123475855249","funcionamiento_dia":"miercoles"},{"fecha":"2026-01-14","local_id":"3701","fk_region":"8","fk_comuna":"157","fk_localidad":"176","local_nombre":"CUARTOCENTENARIO","comuna_nombre":"PICHIDEGUA","localidad_nombre":"PICHIDEGUA","local_direccion":"INDEPENDENCIA N° 562","funcionamiento_hora_apertura":"08:00:00","funcionamiento_hora_cierre":"23:59:00","local_telefono":"+56722591329","local_lat":"-34.35903622934217","local_lng":"-71.28249770052491","funcionamiento_dia":"miercoles"},{"fecha":"2026-01-14","local_id":"3718","fk_region":"8","fk_comuna":"164","fk_localidad":"183","local_nombre":"MAGISTRAL","comuna_nombre":"REQUINOA","localidad_nombre":"REQUINOA","local_direccion":"MURIALDO N° 46-A","funcionamiento_hora_apertura":"08:00:00","funcionamiento_hora_cierre":"23:59:00","local_telefono":"+56722263645","local_lat":"-34.298391712005724","local_lng":"-70.82114815041507","funcionamiento_dia":"miercoles"},{"fecha":"2026-01-14","local_id":"3761","fk_region":"8","fk_comuna":"144","fk_localidad":"163","local_nombre":"POSTO VERDE","comuna_nombre":"LAS CABRAS","localidad_nombre":"LAS CABRAS","local_direccion":"CARLOS FRESNO N° 300, LOCAL 1","funcionamiento_hora_apertura":"09:00:00","funcionamiento_hora_cierre":"08:59:00","local_telefono":"+562501540","local_lat":"-34.29183387545094","local_lng":"-71.31064664299163","funcionamiento_dia":"miercoles"},{"fecha":"2026-01-14","local_id":"3764","fk_region":"8","fk_comuna":"163","fk_localidad":"182","local_nombre":"DR. SIMI","comuna_nombre":"RENGO","localidad_nombre":"RENGO","local_direccion":"ARTURO PRAT N° 206-B","funcionamiento_hora_apertura":"09:00:00","funcionamiento_hora_cierre":"08:59:00","local_telefono":"+562585739","local_lat":"-34.407041051957094","local_lng":"-70.8599258542074","funcionamiento_dia":"miercoles"},{"fecha":"2026-01-01","local_id":"3777","fk_region":"8","fk_comuna":"168","fk_localidad":"187","local_nombre":"FARMACIA CRUZ VERDE","comuna_nombre":"SANTA CRUZ","localidad_nombre":"SANTA CRUZ","local_direccion":"CALLE PLAZA DE ARMAS 98","funcionamiento_hora_apertura":"00:00:00","funcionamiento_hora_cierre":"23:59:00","local_telefono":"2824420","local_lat":"-34.64054635232659","local_lng":"-71.36640495172588","funcionamiento_dia":"martes"},{"fecha":"2026-01-14","local_id":"3818","fk_region":"9","fk_comuna":"176","fk_localidad":"195","local_nombre":"FARMACIA HUALAÑÉ","comuna_nombre":"HUALAÑE","localidad_nombre":"HUALAÑE","local_direccion":"ARTURO PRAT N° 286","funcionamiento_hora_apertura":"09:00:00","funcionamiento_hora_cierre":"23:59:00","local_telefono":"+560","local_lat":"-34.976145","local_lng":"-71.803193","funcionamiento_dia":"miercoles"},{"fecha":"2026-01-14","local_id":"3819","fk_region":"9","fk_comuna":"195","fk_localidad":"214","local_nombre":"FARMACIA SAN FRANCISCO","comuna_nombre":"TENO","localidad_nombre":"TENO","local_direccion":"COMALLE N°147-B","funcionamiento_hora_apertura":"09:00:00","funcionamiento_hora_cierre":"23:59:00","local_telefono":"+560","local_lat":"-34.8699799","local_lng":"-71.1616898","funcionamiento_dia":"miercoles"},{"fecha":"2026-01-14","local_id":"3828","fk_region":"9","fk_comuna":"191","fk_localidad":"210","local_nombre":"FARMACIA DR. SIMI","comuna_nombre":"SAN CLEMENTE","localidad_nombre":"SAN CLEMENTE","local_direccion":"HUAMACHUCO N°841","funcionamiento_hora_apertura":"09:00:00","funcionamiento_hora_cierre":"01:00:00","local_telefono":"+560","local_lat":"-35.5382881","local_lng":"-71.4880219","funcionamiento_dia":"miercoles"},{"fecha":"2026-01-14","local_id":"3844","fk_region":"9","fk_comuna":"182","fk_localidad":"201","local_nombre":"FARMACIA PARRAL","comuna_nombre":"PARRAL","localidad_nombre":"PARRAL","local_direccion":"ANIBAL PINTO N° 550","funcionamiento_hora_apertura":"09:00:00","funcionamiento_hora_cierre":"01:00:00","local_telefono":"+560","local_lat":"-36.140346","local_lng":"-71.824904","funcionamiento_dia":"miercoles"},{"fecha":"2026-01-14","local_id":"3856","fk_region":"9","fk_comuna":"169","fk_localidad":"188","local_nombre":"FARMACIA DR. SIMI","comuna_nombre":"CAUQUENES","localidad_nombre":"CAUQUENES","local_direccion":"VICTORIA N° 607","funcionamiento_hora_apertura":"09:00:00","funcionamiento_hora_cierre":"01:00:00","local_telefono":"+560","local_lat":"-35.967633","local_lng":"-72.318022","funcionamiento_dia":"miercoles"},{"fecha":"2026-01-01","local_id":"3864","fk_region":"9","fk_comuna":"178","fk_localidad":"197","local_nombre":"FARMACIA CRUZ VERDE","comuna_nombre":"LINARES","localidad_nombre":"LINARES","local_direccion":"CALLE INDEPENDENCIA 543","funcionamiento_hora_apertura":"00:00:00","funcionamiento_hora_cierre":"23:59:00","local_telefono":"","local_lat":"-35.8465812","local_lng":"-71.5953351","funcionamiento_dia":"martes"},{"fecha":"2026-01-14","local_id":"3871","fk_region":"8","fk_comuna":"137","fk_localidad":"156","local_nombre":"FARMACIA PRINCIPAL","comuna_nombre":"CHIMBARONGO","localidad_nombre":"CHIMBARONGO","local_direccion":"MIRAFLORES N° 497","funcionamiento_hora_apertura":"09:00:00","funcionamiento_hora_cierre":"08:59:00","local_telefono":"+56722782311","local_lat":"-34.70638262037225","local_lng":"-71.0423617323242","funcionamiento_dia":"miercoles"},{"fecha":"2026-01-14","local_id":"3872","fk_region":"8","fk_comuna":"168","fk_localidad":"187","local_nombre":"FARMACIA SANTA CRUZ","comuna_nombre":"SANTA CRUZ","localidad_nombre":"SANTA CRUZ","local_direccion":"RAFAEL CASANOVA N° 454-C","funcionamiento_hora_apertura":"08:00:00","funcionamiento_hora_cierre":"23:59:00","local_telefono":"+56722824448","local_lat":"-34.64160749603523","local_lng":"-71.37106810281239","funcionamiento_dia":"miercoles"},{"fecha":"2026-01-14","local_id":"3874","fk_region":"8","fk_comuna":"166","fk_localidad":"185","local_nombre":"FARMACIA NUEVA PROGRESO","comuna_nombre":"SAN FRANCISCO DE MOSTAZAL","localidad_nombre":"SAN FRANCISCO DE MOSTAZAL","local_direccion":"INDEPENDENCIA N° 481","funcionamiento_hora_apertura":"09:00:00","funcionamiento_hora_cierre":"08:59:00","local_telefono":"+5672722491117","local_lat":"-33.98085148679584","local_lng":"-70.71256891726279","funcionamiento_dia":"miercoles"},{"fecha":"2026-01-01","local_id":"3909","fk_region":"9","fk_comuna":"174","fk_localidad":"193","local_nombre":"FARMACIA CRUZ VERDE","comuna_nombre":"CURICO","localidad_nombre":"CURICO CENTRO","local_direccion":"PRAT N° 499","funcionamiento_hora_apertura":"00:00:00","funcionamiento_hora_cierre":"23:59:00","local_telefono":"","local_lat":"-34.98386251","local_lng":"-71.24167307","funcionamiento_dia":"martes"},{"fecha":"2026-01-14","local_id":"3912","fk_region":"5","fk_comuna":"34","fk_localidad":"90","local_nombre":"FARMACIA DR. AMIGO","comuna_nombre":"ILLAPEL","localidad_nombre":"ILLAPEL","local_direccion":"CALLE CONSTITUCION 405","funcionamiento_hora_apertura":"09:00:00","funcionamiento_hora_cierre":"23:00:00","local_telefono":"532522373","local_lat":"-31.631269","local_lng":"-71.1647939","funcionamiento_dia":"miercoles"},{"fecha":"2026-01-01","local_id":"3931","fk_region":"9","fk_comuna":"194","fk_localidad":"213","local_nombre":"FARMACIA CRUZ VERDE","comuna_nombre":"TALCA","localidad_nombre":"TALCA CENTRO","local_direccion":"1 SUR Nº 1501","funcionamiento_hora_apertura":"00:00:00","funcionamiento_hora_cierre":"23:59:00","local_telefono":"","local_lat":"-35.4278902328126","local_lng":"-71.6555097197239","funcionamiento_dia":"martes"},{"fecha":"2026-01-14","local_id":"4070","fk_region":"14","fk_comuna":"324","fk_localidad":"343","local_nombre":"FARMACIA CRUZ VERDE","comuna_nombre":"AYSEN","localidad_nombre":"AYSEN","local_direccion":"CALLE SARGENTO ALDEA 1070","funcionamiento_hora_apertura":"00:00:00","funcionamiento_hora_cierre":"23:59:00","local_telefono":"2330289","local_lat":"-45.40438450000001","local_lng":"-72.6946926","funcionamiento_dia":"miercoles"},{"fecha":"2026-01-14","local_id":"4077","fk_region":"6","fk_comuna":"58","fk_localidad":"14","local_nombre":"DEL VALLE","comuna_nombre":"LA LIGUA","localidad_nombre":"LA LIGUA","local_direccion":"AVENIDA SERRANO 276","funcionamiento_hora_apertura":"09:00:00","funcionamiento_hora_cierre":"08:59:00","local_telefono":"2711408","local_lat":"-32.4484036","local_lng":"-71.2319744","funcionamiento_dia":"miercoles"},{"fecha":"2026-01-14","local_id":"4313","fk_region":"13","fk_comuna":"303","fk_localidad":"322","local_nombre":" FARMACIA CRUZ VERDE ","comuna_nombre":"FRUTILLAR","localidad_nombre":"FRUTILLAR","local_direccion":"CARLOS RICHTER 200 FRUTILLAR","funcionamiento_hora_apertura":"08:00:00","funcionamiento_hora_cierre":"23:59:00","local_telefono":"+566944000","local_lat":"-41.12724344078406","local_lng":"-73.05732250213623","funcionamiento_dia":"miercoles"},{"fecha":"2026-01-14","local_id":"4377","fk_region":"11","fk_comuna":"270","fk_localidad":"289","local_nombre":"FARMACIA DR. SIMI","comuna_nombre":"PITRUFQUEN","localidad_nombre":"PITRUFQUEN","local_direccion":"CALLE JUAN AGUSTIN PALAZUELOS  718","funcionamiento_hora_apertura":"09:00:00","funcionamiento_hora_cierre":"08:59:00","local_telefono":"","local_lat":"-38.9848266","local_lng":"-72.639844","funcionamiento_dia":"miercoles"},{"fecha":"2026-01-14","local_id":"4417","fk_region":"12","fk_comuna":"287","fk_localidad":"306","local_nombre":"DEL SUR","comuna_nombre":"LOS LAGOS","localidad_nombre":"LOS LAGOS","local_direccion":"BALMACEDA NORTE Nº 91","funcionamiento_hora_apertura":"09:00:00","funcionamiento_hora_cierre":"08:59:00","local_telefono":"+56632461210","local_lat":"-39.861972","local_lng":"-72.8154167","funcionamiento_dia":"miercoles"},{"fecha":"2026-01-14","local_id":"4421","fk_region":"6","fk_comuna":"54","fk_localidad":"11","local_nombre":"SALCOBRAND","comuna_nombre":"ISLA DE PASCUA","localidad_nombre":"ISLA DE PASCUA","local_direccion":"HOTU MATUA  S/Nº","funcionamiento_hora_apertura":"09:00:00","funcionamiento_hora_cierre":"23:00:00","local_telefono":"+560224223300","local_lat":"-27.1584148","local_lng":"-109.42961149999996","funcionamiento_dia":"miercoles"},{"fecha":"2026-01-14","local_id":"4464","fk_region":"9","fk_comuna":"179","fk_localidad":"198","local_nombre":"FARMACIA DR. SIMI","comuna_nombre":"LONGAVI","localidad_nombre":"LONGAVI","local_direccion":"1 ORIENTE Nº315","funcionamiento_hora_apertura":"09:00:00","funcionamiento_hora_cierre":"23:59:00","local_telefono":"+560983309","local_lat":"-35.965945","local_lng":"-71.683760","funcionamiento_dia":"miercoles"},{"fecha":"2026-01-14","local_id":"4505","fk_region":"7","fk_comuna":"86","fk_localidad":"548","local_nombre":"CATAGUS","comuna_nombre":"CERRO NAVIA","localidad_nombre":"TURNOS","local_direccion":"AVENIDA FEDERICO ERRAZURIZ 1591","funcionamiento_hora_apertura":"08:00:00","funcionamiento_hora_cierre":"07:59:00","local_telefono":"98436764","local_lat":"-33.4203251","local_lng":"-70.7598737","funcionamiento_dia":"miercoles"},{"fecha":"2026-01-14","local_id":"4715","fk_region":"9","fk_comuna":"172","fk_localidad":"191","local_nombre":"FARMACIA SANA SANA","comuna_nombre":"CONSTITUCION","localidad_nombre":"CONSTITUCION","local_direccion":"OÑEDERRA Nº698-D","funcionamiento_hora_apertura":"09:00:00","funcionamiento_hora_cierre":"08:59:00","local_telefono":"+560973317133","local_lat":"-35.332300","local_lng":"-72.412189","funcionamiento_dia":"miercoles"},{"fecha":"2026-01-01","local_id":"4854","fk_region":"5","fk_comuna":"39","fk_localidad":"95","local_nombre":"FARMACIA DR. AMIGO","comuna_nombre":"OVALLE","localidad_nombre":"OVALLE","local_direccion":"VICUÑA MACKENNA 223, OVALLE","funcionamiento_hora_apertura":"00:00:00","funcionamiento_hora_cierre":"23:59:00","local_telefono":"+56963060175","local_lat":"-30.603177402771216","local_lng":"-71.20148894672695","funcionamiento_dia":"martes"},{"fecha":"2026-01-14","local_id":"5057","fk_region":"7","fk_comuna":"90","fk_localidad":"550","local_nombre":"VIVI","comuna_nombre":"EL BOSQUE","localidad_nombre":"TURNOS","local_direccion":"AVENIDA OBSERVATORIO 978","funcionamiento_hora_apertura":"08:00:00","funcionamiento_hora_cierre":"07:59:00","local_telefono":"","local_lat":"-33.5609275","local_lng":"-70.6651436","funcionamiento_dia":"miercoles"},{"fecha":"2026-01-14","local_id":"5245","fk_region":"8","fk_comuna":"147","fk_localidad":"166","local_nombre":"FARMACIA LEON","comuna_nombre":"MACHALI","localidad_nombre":"MACHALI","local_direccion":"ARTURO PRAT 21, MACHALI","funcionamiento_hora_apertura":"09:00:00","funcionamiento_hora_cierre":"23:59:00","local_telefono":"+560+56 962959570","local_lat":"-34.1798205","local_lng":"-70.65317829999998","funcionamiento_dia":"miercoles"},{"fecha":"2026-01-14","local_id":"5305","fk_region":"13","fk_comuna":"313","fk_localidad":"332","local_nombre":"FARMACIA IDINI","comuna_nombre":"PUERTO VARAS","localidad_nombre":"SECTOR CENTRO","local_direccion":"WALKER MARTINEZ N°317, PUERTO VARAS","funcionamiento_hora_apertura":"09:00:00","funcionamiento_hora_cierre":"08:59:00","local_telefono":"+5665","local_lat":"-41.3166872","local_lng":"-72.9840865","funcionamiento_dia":"miercoles"},{"fecha":"2026-01-14","local_id":"5316","fk_region":"7","fk_comuna":"115","fk_localidad":"554","local_nombre":"DEL DR. SIMI","comuna_nombre":"PEÑALOLEN","localidad_nombre":"TURNOS","local_direccion":"AVENIDA GRECIA 6799","funcionamiento_hora_apertura":"08:00:00","funcionamiento_hora_cierre":"07:59:00","local_telefono":"","local_lat":"-33.4720742","local_lng":"-70.5630539","funcionamiento_dia":"miercoles"},{"fecha":"2026-01-14","local_id":"5396","fk_region":"11","fk_comuna":"260","fk_localidad":"279","local_nombre":"FARMACIA DR. SIMI","comuna_nombre":"GORBEA","localidad_nombre":"GORBEA","local_direccion":"LORD COCHRANE N° 520","funcionamiento_hora_apertura":"09:00:00","funcionamiento_hora_cierre":"08:59:00","local_telefono":"+562491029","local_lat":"-39.10065895491932","local_lng":"-72.67413139343262","funcionamiento_dia":"miercoles"},{"fecha":"2026-01-14","local_id":"5439","fk_region":"15","fk_comuna":"338","fk_localidad":"357","local_nombre":"FARMACIA SALCOBRAND 625","comuna_nombre":"PUERTO NATALES","localidad_nombre":"PUERTO NATALES","local_direccion":"BULNES 699","funcionamiento_hora_apertura":"08:00:00","funcionamiento_hora_cierre":"23:59:00","local_telefono":"+5624223300","local_lat":"-51.7270026","local_lng":"-72.50157360000003","funcionamiento_dia":"miercoles"},{"fecha":"2026-01-14","local_id":"5483","fk_region":"6","fk_comuna":"51","fk_localidad":"9","local_nombre":"DR. SIMI","comuna_nombre":"EL QUISCO","localidad_nombre":"EL QUISCO","local_direccion":"AV. ISIDORO DUBOURNAIS  0450 LOCAL 05 ,EL QUISCO","funcionamiento_hora_apertura":"09:00:00","funcionamiento_hora_cierre":"23:00:00","local_telefono":"+569957182585 MARCO MORENO","local_lat":"-33.3869837","local_lng":"-71.69028449999996","funcionamiento_dia":"miercoles"},{"fecha":"2026-01-14","local_id":"5648","fk_region":"7","fk_comuna":"114","fk_localidad":"553","local_nombre":"FARMAVIDA Y SALUD","comuna_nombre":"PEÑAFLOR","localidad_nombre":"TURNOS","local_direccion":"AVENIDA VICUÑA MACKENNA 690","funcionamiento_hora_apertura":"08:00:00","funcionamiento_hora_cierre":"07:59:00","local_telefono":"","local_lat":"-33.6103309","local_lng":"-70.8651208","funcionamiento_dia":"miercoles"},{"fecha":"2026-01-14","local_id":"5918","fk_region":"9","fk_comuna":"192","fk_localidad":"211","local_nombre":"FARMACIA DR. SIMI","comuna_nombre":"SAN JAVIER","localidad_nombre":"SAN JAVIER","local_direccion":"AVENIDA ARTURO PRAT Nº 2318","funcionamiento_hora_apertura":"09:00:00","funcionamiento_hora_cierre":"01:00:00","local_telefono":"+56998039659","local_lat":"-35.5956521","local_lng":"-71.7299817","funcionamiento_dia":"miercoles"},{"fecha":"2026-01-14","local_id":"5989","fk_region":"6","fk_comuna":"45","fk_localidad":"3","local_nombre":"DR. SIMI","comuna_nombre":"ALGARROBO","localidad_nombre":"ALGARROBO","local_direccion":"EL ARRAYÁN 2410","funcionamiento_hora_apertura":"09:00:00","funcionamiento_hora_cierre":"23:00:00","local_telefono":"+5633915188","local_lat":"-33.372818","local_lng":"-71.66702099999999","funcionamiento_dia":"miercoles"},{"fecha":"2026-01-01","local_id":"5990","fk_region":"5","fk_comuna":"36","fk_localidad":"402","local_nombre":"FARMACIA DR AMIGO","comuna_nombre":"LA SERENA","localidad_nombre":"LA SERENA","local_direccion":"BALMACEDA N° 438","funcionamiento_hora_apertura":"00:00:00","funcionamiento_hora_cierre":"23:59:00","local_telefono":"+5663060175","local_lat":"-29.902602536881606","local_lng":"-71.24978225337296","funcionamiento_dia":"martes"},{"fecha":"2026-01-14","local_id":"6030","fk_region":"13","fk_comuna":"307","fk_localidad":"326","local_nombre":"FARMACIA DEL DR. SIMI","comuna_nombre":"LOS MUERMOS","localidad_nombre":"LOS MUERMOS","local_direccion":"BERNARDO O´HIGGINS N°1, LOS MUERMOS","funcionamiento_hora_apertura":"08:00:00","funcionamiento_hora_cierre":"23:59:00","local_telefono":"+56+56652211648","local_lat":"-41.3961513","local_lng":"-73.4608997","funcionamiento_dia":"miercoles"},{"fecha":"2026-01-14","local_id":"6098","fk_region":"5","fk_comuna":"33","fk_localidad":"89","local_nombre":"CRUZ VERDE","comuna_nombre":"COQUIMBO","localidad_nombre":"COQUIMBO","local_direccion":"ALDUNATE 1499  Y 1491","funcionamiento_hora_apertura":"09:00:00","funcionamiento_hora_cierre":"08:59:00","local_telefono":"","local_lat":"-29.957169540966646","local_lng":"-71.3393425558197","funcionamiento_dia":"miercoles"},{"fecha":"2026-01-14","local_id":"6193","fk_region":"1","fk_comuna":"1","fk_localidad":"57","local_nombre":"FARMACIA 18","comuna_nombre":"ARICA","localidad_nombre":"ARICA - CENTRAL","local_direccion":"CALLE 18 DE SEPTIEMBRE  1394","funcionamiento_hora_apertura":"21:00:00","funcionamiento_hora_cierre":"09:00:00","local_telefono":"232678439","local_lat":"-18.4843106","local_lng":"-70.3073208","funcionamiento_dia":"miercoles"},{"fecha":"2026-01-01","local_id":"6351","fk_region":"10","fk_comuna":"210","fk_localidad":"229","local_nombre":"FARMACIA CRUZ VERDE","comuna_nombre":"CONCEPCION","localidad_nombre":"COLLAO","local_direccion":"AVENIDA ROOSEVELT 1694","funcionamiento_hora_apertura":"00:00:00","funcionamiento_hora_cierre":"23:59:00","local_telefono":"","local_lat":"-36.8222156","local_lng":"-73.0359079","funcionamiento_dia":"martes"},{"fecha":"2026-01-14","local_id":"6372","fk_region":"8","fk_comuna":"158","fk_localidad":"177","local_nombre":"FARMACIA FARMAS","comuna_nombre":"PICHILEMU","localidad_nombre":"PICHILEMU","local_direccion":"CALLE AGUSTIN ROSS 366","funcionamiento_hora_apertura":"09:00:00","funcionamiento_hora_cierre":"08:59:00","local_telefono":"","local_lat":"-34.40372046549723","local_lng":"-72.02485647672118","funcionamiento_dia":"miercoles"},{"fecha":"2026-01-14","local_id":"6409","fk_region":"6","fk_comuna":"78","fk_localidad":"27","local_nombre":"NUEVA","comuna_nombre":"VALPARAISO","localidad_nombre":"PLACILLA","local_direccion":"OBISPO VALDES SUBERCASEAUX 1285 CURAUMA","funcionamiento_hora_apertura":"09:00:00","funcionamiento_hora_cierre":"23:00:00","local_telefono":"+56937349774","local_lat":"-33.1194136","local_lng":"-71.5725049","funcionamiento_dia":"miercoles"},{"fecha":"2026-01-14","local_id":"6420","fk_region":"6","fk_comuna":"60","fk_localidad":"18","local_nombre":"PHARMACY Y DRUGSTORE","comuna_nombre":"LLAY LLAY","localidad_nombre":"LLAY - LLAY","local_direccion":"CALLE BALMACEDA N° 1121","funcionamiento_hora_apertura":"09:00:00","funcionamiento_hora_cierre":"23:00:00","local_telefono":"978945320","local_lat":"-32.8410618","local_lng":"-70.9571869","funcionamiento_dia":"miercoles"},{"fecha":"2026-01-14","local_id":"6633","fk_region":"9","fk_comuna":"174","fk_localidad":"418","local_nombre":"FARMACIA CONDELL Nº2","comuna_nombre":"CURICO","localidad_nombre":"CURICO PERIMETRAL","local_direccion":"MEMBRILLAR Nº225","funcionamiento_hora_apertura":"09:00:00","funcionamiento_hora_cierre":"23:00:00","local_telefono":"+56966067037","local_lat":"-34.988901","local_lng":"-71.23698","funcionamiento_dia":"miercoles"},{"fecha":"2026-01-14","local_id":"6653","fk_region":"12","fk_comuna":"290","fk_localidad":"309","local_nombre":"LOS RÍOS","comuna_nombre":"VALDIVIA","localidad_nombre":"VALDIVIA","local_direccion":"CALLE CAUPOLICAN 579","funcionamiento_hora_apertura":"09:00:00","funcionamiento_hora_cierre":"00:00:00","local_telefono":"","local_lat":"-39.8153003","local_lng":"-73.2444534","funcionamiento_dia":"miercoles"},{"fecha":"2026-01-14","local_id":"6687","fk_region":"12","fk_comuna":"289","fk_localidad":"308","local_nombre":"CRUCES","comuna_nombre":"MARIQUINA","localidad_nombre":"MARIQUINA","local_direccion":"CARLOS ACHARÁN N° 1360","funcionamiento_hora_apertura":"09:00:00","funcionamiento_hora_cierre":"08:59:00","local_telefono":"+56","local_lat":"-39.539893","local_lng":"-72.962768","funcionamiento_dia":"miercoles"},{"fecha":"2026-01-14","local_id":"6734","fk_region":"10","fk_comuna":"212","fk_localidad":"231","local_nombre":"FARMACIA GENÉRICA","comuna_nombre":"CORONEL","localidad_nombre":"CORONEL CENTRO","local_direccion":"AVENIDA MANUEL MONTT 460","funcionamiento_hora_apertura":"09:00:00","funcionamiento_hora_cierre":"08:59:00","local_telefono":"","local_lat":"-37.027197","local_lng":"-73.1471652","funcionamiento_dia":"miercoles"},{"fecha":"2026-01-01","local_id":"6747","fk_region":"6","fk_comuna":"70","fk_localidad":"33","local_nombre":"DR. AMIGO","comuna_nombre":"QUILPUE","localidad_nombre":"QUILPUE","local_direccion":"CALLE DIEGO PORTALES 878","funcionamiento_hora_apertura":"00:00:00","funcionamiento_hora_cierre":"23:59:00","local_telefono":"99625048","local_lat":"-33.0465129","local_lng":"-71.4413327","funcionamiento_dia":"martes"},{"fecha":"2026-01-14","local_id":"6921","fk_region":"6","fk_comuna":"80","fk_localidad":"28","local_nombre":"MARGA MARGA","comuna_nombre":"VIÑA DEL MAR","localidad_nombre":"PLAN DE VIÑA","local_direccion":"AV. VALPARAISO 411 L-1","funcionamiento_hora_apertura":"09:00:00","funcionamiento_hora_cierre":"23:00:00","local_telefono":"+5685767772","local_lat":"-33.02421919999999","local_lng":"-71.5567264","funcionamiento_dia":"miercoles"},{"fecha":"2026-01-14","local_id":"7310","fk_region":"6","fk_comuna":"79","fk_localidad":"40","local_nombre":"ATOM FARMACIA","comuna_nombre":"VILLA ALEMANA","localidad_nombre":"VILLA ALEMANA","local_direccion":"AV. VALPARAÍSO 2550","funcionamiento_hora_apertura":"09:00:00","funcionamiento_hora_cierre":"23:00:00","local_telefono":"+56957980146","local_lat":"-33.0459063","local_lng":"-71.3954335","funcionamiento_dia":"miercoles"},{"fecha":"2026-01-01","local_id":"7599","fk_region":"6","fk_comuna":"79","fk_localidad":"40","local_nombre":"FARMAQUINTA","comuna_nombre":"VILLA ALEMANA","localidad_nombre":"VILLA ALEMANA","local_direccion":"AVENIDA VALPARAISO 1621","funcionamiento_hora_apertura":"00:00:00","funcionamiento_hora_cierre":"23:59:00","local_telefono":"79859135","local_lat":"-33.0449112","local_lng":"-71.3856936","funcionamiento_dia":"martes"},{"fecha":"2026-01-14","local_id":"7637","fk_region":"15","fk_comuna":"339","fk_localidad":"358","local_nombre":"FARMACIA MAGALLANES 2","comuna_nombre":"PUNTA ARENAS","localidad_nombre":"PUNTA ARENAS","local_direccion":"AV. EDUARDO FREI MONTALVA 220, LOCAL 5","funcionamiento_hora_apertura":"09:00:00","funcionamiento_hora_cierre":"23:00:00","local_telefono":"+562348096","local_lat":"-53.1828603","local_lng":"-70.9271866","funcionamiento_dia":"miercoles"},{"fecha":"2026-01-14","local_id":"7664","fk_region":"7","fk_comuna":"120","fk_localidad":"556","local_nombre":"FARMA TOUT","comuna_nombre":"QUILICURA","localidad_nombre":"TURNOS","local_direccion":"AVENIDA LO CRUZAT 69","funcionamiento_hora_apertura":"08:00:00","funcionamiento_hora_cierre":"07:59:00","local_telefono":"","local_lat":"-33.36502","local_lng":"-70.72139","funcionamiento_dia":"miercoles"},{"fecha":"2026-01-14","local_id":"7693","fk_region":"8","fk_comuna":"161","fk_localidad":"180","local_nombre":"FARMACIA INTEGRAL","comuna_nombre":"QUINTA DE TILCOCO","localidad_nombre":"QUINTA DE TILCOCO","local_direccion":"AVENIDA TOMAS ARGOMEDO 1667","funcionamiento_hora_apertura":"08:00:00","funcionamiento_hora_cierre":"23:59:00","local_telefono":"984760958","local_lat":"-34.3537704","local_lng":"-70.962348","funcionamiento_dia":"miercoles"},{"fecha":"2026-01-14","local_id":"7768","fk_region":"6","fk_comuna":"344","fk_localidad":"49","local_nombre":"LIBERTAD","comuna_nombre":"CASABLANCA","localidad_nombre":"CASABLANCA","local_direccion":"CONSTITUCIÓN N° 110 LOCAL 7","funcionamiento_hora_apertura":"09:00:00","funcionamiento_hora_cierre":"23:00:00","local_telefono":"+5684353756","local_lat":"-33.319765038714614","local_lng":"-71.41001415079158","funcionamiento_dia":"miercoles"},{"fecha":"2026-01-14","local_id":"7823","fk_region":"10","fk_comuna":"227","fk_localidad":"246","local_nombre":"FARMACIA DR. SIMI","comuna_nombre":"PENCO","localidad_nombre":"PENCO","local_direccion":"CALLE FREIRE 550","funcionamiento_hora_apertura":"09:00:00","funcionamiento_hora_cierre":"08:59:00","local_telefono":"","local_lat":"-36.73735","local_lng":"-72.9942","funcionamiento_dia":"miercoles"},{"fecha":"2026-01-14","local_id":"7977","fk_region":"11","fk_comuna":"261","fk_localidad":"280","local_nombre":"FARMACIA CRUZ VERDE","comuna_nombre":"LAUTARO","localidad_nombre":"LAUTARO","local_direccion":"AVDA O´HIGGINS N° 892 LAUTARO","funcionamiento_hora_apertura":"09:00:00","funcionamiento_hora_cierre":"08:59:00","local_telefono":"+56956142633","local_lat":"-38.532622","local_lng":"-72.435036","funcionamiento_dia":"miercoles"},{"fecha":"2026-01-14","local_id":"8026","fk_region":"11","fk_comuna":"251","fk_localidad":"270","local_nombre":"FARMACIA MAICAO(287)","comuna_nombre":"ANGOL","localidad_nombre":"ANGOL","local_direccion":"LAUTARO N° 36 ANGOL","funcionamiento_hora_apertura":"09:00:00","funcionamiento_hora_cierre":"08:59:00","local_telefono":"","local_lat":"-37.797427","local_lng":"-72.706042","funcionamiento_dia":"miercoles"},{"fecha":"2026-01-01","local_id":"8034","fk_region":"12","fk_comuna":"290","fk_localidad":"309","local_nombre":"CRUZ VERDE","comuna_nombre":"VALDIVIA","localidad_nombre":"VALDIVIA","local_direccion":"AVENIDA RAMÓN PICARTE N° 310","funcionamiento_hora_apertura":"00:00:00","funcionamiento_hora_cierre":"23:59:00","local_telefono":"","local_lat":"-39.81404129174377","local_lng":"-73.24508514320313","funcionamiento_dia":"martes"},{"fecha":"2026-01-14","local_id":"8039","fk_region":"13","fk_comuna":"306","fk_localidad":"325","local_nombre":"FARMACIA DEL DOCTOR SIMI","comuna_nombre":"LLANQUIHUE","localidad_nombre":"LLANQUIHUE","local_direccion":"BAQUEDANO 613, LLANQUIHUE","funcionamiento_hora_apertura":"08:00:00","funcionamiento_hora_cierre":"23:59:00","local_telefono":"+5665 2240065","local_lat":"-41.25623","local_lng":"-73.00541","funcionamiento_dia":"miercoles"},{"fecha":"2026-01-14","local_id":"8141","fk_region":"8","fk_comuna":"150","fk_localidad":"169","local_nombre":"FARMACIA DR SIMI","comuna_nombre":"NANCAGUA","localidad_nombre":"NANCAGUA","local_direccion":"AVENIDA ARMANDO JARAMILLO N°217","funcionamiento_hora_apertura":"09:00:00","funcionamiento_hora_cierre":"23:00:00","local_telefono":"+56","local_lat":"-34.65108038591084","local_lng":"-71.20401733069247","funcionamiento_dia":"miercoles"},{"fecha":"2026-01-14","local_id":"9025","fk_region":"6","fk_comuna":"78","fk_localidad":"2","local_nombre":"FARMAUNIÓN","comuna_nombre":"VALPARAISO","localidad_nombre":"PLAN VALPARAISO","local_direccion":"Victoria 2830","funcionamiento_hora_apertura":"09:00:00","funcionamiento_hora_cierre":"23:00:00","local_telefono":"","local_lat":"-33.0489955","local_lng":"-71.6059574","funcionamiento_dia":"miercoles"},{"fecha":"2026-01-14","local_id":"9055","fk_region":"2","fk_comuna":"9","fk_localidad":"65","local_nombre":"FARMACIA ALCACEUTICAL","comuna_nombre":"IQUIQUE","localidad_nombre":"IQUIQUE","local_direccion":"AVENIDA BERNARDO O'HIGGINS 195","funcionamiento_hora_apertura":"08:00:00","funcionamiento_hora_cierre":"23:59:00","local_telefono":"955329452","local_lat":"-20.218368321809923","local_lng":"-70.1533643009396","funcionamiento_dia":"miercoles"},{"fecha":"2026-01-14","local_id":"9123","fk_region":"13","fk_comuna":"301","fk_localidad":"320","local_nombre":"FARMACIA FARMACÉUTICA CHILOÉ","comuna_nombre":"DALCAHUE","localidad_nombre":"DALCAHUE","local_direccion":"RAMÒN FREIRE 620","funcionamiento_hora_apertura":"08:00:00","funcionamiento_hora_cierre":"23:59:00","local_telefono":"+5656986057255","local_lat":"-42.378003","local_lng":"-73.651798","funcionamiento_dia":"miercoles"},{"fecha":"2026-01-14","local_id":"9175","fk_region":"8","fk_comuna":"162","fk_localidad":"181","local_nombre":"FARMACIA MANZANAL","comuna_nombre":"RANCAGUA","localidad_nombre":"RANCAGUA","local_direccion":"AVENIDA ALBERTO EINSTEIN 857","funcionamiento_hora_apertura":"08:00:00","funcionamiento_hora_cierre":"23:59:00","local_telefono":"","local_lat":"-34.1822","local_lng":"-70.7252199","funcionamiento_dia":"miercoles"},{"fecha":"2026-01-14","local_id":"9352","fk_region":"10","fk_comuna":"221","fk_localidad":"240","local_nombre":"FARMACIA CAUPOLICÁN","comuna_nombre":"LOTA","localidad_nombre":"LOTA","local_direccion":"CALLE CAUPOLICAN  270","funcionamiento_hora_apertura":"09:00:00","funcionamiento_hora_cierre":"08:59:00","local_telefono":"","local_lat":"-37.0913924","local_lng":"-73.1568581","funcionamiento_dia":"miercoles"},{"fecha":"2026-01-14","local_id":"9445","fk_region":"7","fk_comuna":"123","fk_localidad":"559","local_nombre":"GENÉRICA","comuna_nombre":"RENCA","localidad_nombre":"TURNOS","local_direccion":"AVENIDA JOSE MANUEL BALMACEDA 4387","funcionamiento_hora_apertura":"08:00:00","funcionamiento_hora_cierre":"07:59:00","local_telefono":"954045586","local_lat":"-33.4029202","local_lng":"-70.70958689999999","funcionamiento_dia":"miercoles"},{"fecha":"2026-01-14","local_id":"9468","fk_region":"11","fk_comuna":"276","fk_localidad":"295","local_nombre":"FARMACIA ESFARMA 2","comuna_nombre":"TEODORO SCHMIDT","localidad_nombre":"TEODORO SCHMIDT","local_direccion":"AVENIDA BALMACEDA 425","funcionamiento_hora_apertura":"09:00:00","funcionamiento_hora_cierre":"08:59:00","local_telefono":"998051738","local_lat":"-38.9966982","local_lng":"-73.0898311","funcionamiento_dia":"miercoles"},{"fecha":"2026-01-14","local_id":"9476","fk_region":"8","fk_comuna":"167","fk_localidad":"186","local_nombre":"Farmacia Dr Simi ","comuna_nombre":"SAN VICENTE","localidad_nombre":"SAN VICENTE","local_direccion":"Avenida España 605","funcionamiento_hora_apertura":"09:00:00","funcionamiento_hora_cierre":"08:59:00","local_telefono":"","local_lat":"-34.43814","local_lng":"-71.07435","funcionamiento_dia":"miercoles"},{"fecha":"2026-01-14","local_id":"9484","fk_region":"6","fk_comuna":"56","fk_localidad":"12","local_nombre":"ESPACIO 26","comuna_nombre":"LA CALERA","localidad_nombre":"LA CALERA","local_direccion":"Carrera N° 1977 local 20","funcionamiento_hora_apertura":"09:00:00","funcionamiento_hora_cierre":"08:59:00","local_telefono":"+56934055029","local_lat":"-32.78779579999999","local_lng":"-71.20399629999997","funcionamiento_dia":"miercoles"},{"fecha":"2026-01-14","local_id":"9538","fk_region":"11","fk_comuna":"273","fk_localidad":"292","local_nombre":"FARMACIA INDOMITA","comuna_nombre":"PUREN","localidad_nombre":"PUREN","local_direccion":"CALLE IMPERIAL 1040, LOCAL A Y B, PUREN","funcionamiento_hora_apertura":"09:00:00","funcionamiento_hora_cierre":"08:59:00","local_telefono":"+56953340926","local_lat":"-38.032863","local_lng":"-73.072006","funcionamiento_dia":"miercoles"},{"fecha":"2026-01-01","local_id":"9734","fk_region":"6","fk_comuna":"80","fk_localidad":"36","local_nombre":"CRUZ VERDE ","comuna_nombre":"VIÑA DEL MAR","localidad_nombre":"REÑACA","local_direccion":"AVENIDA Edmundo Eluchans 1850","funcionamiento_hora_apertura":"00:00:00","funcionamiento_hora_cierre":"23:59:00","local_telefono":"322693901","local_lat":"-32.9582841","local_lng":"-71.54399409999999","funcionamiento_dia":"martes"},{"fecha":"2026-01-14","local_id":"9784","fk_region":"9","fk_comuna":"187","fk_localidad":"206","local_nombre":"FARMACIA EL CARMEN ","comuna_nombre":"RETIRO","localidad_nombre":"RETIRO","local_direccion":"ERRAZURIZ, 933-B","funcionamiento_hora_apertura":"09:00:00","funcionamiento_hora_cierre":"23:59:00","local_telefono":"+56941320251","local_lat":"-36.04961071754116","local_lng":"-71.75917629836425","funcionamiento_dia":"miercoles"},{"fecha":"2026-01-14","local_id":"9795","fk_region":"6","fk_comuna":"70","fk_localidad":"33","local_nombre":"MAICAO","comuna_nombre":"QUILPUE","localidad_nombre":"QUILPUE","local_direccion":"Claudio Vicuña 868","funcionamiento_hora_apertura":"09:00:00","funcionamiento_hora_cierre":"23:00:00","local_telefono":"+56226944000","local_lat":"-33.0468722","local_lng":"-71.4421992","funcionamiento_dia":"miercoles"},{"fecha":"2026-01-14","local_id":"9951","fk_region":"13","fk_comuna":"309","fk_localidad":"328","local_nombre":"FARMACIA CENTRO SUR","comuna_nombre":"OSORNO","localidad_nombre":"SECTOR CENTRO","local_direccion":"AVENIDA JUAN MACKENNA 879 LOCAL D","funcionamiento_hora_apertura":"09:00:00","funcionamiento_hora_cierre":"23:59:00","local_telefono":"+56989534535","local_lat":"-40.57462599999999","local_lng":"-73.135221","funcionamiento_dia":"miercoles"},{"fecha":"2026-01-14","local_id":"10087","fk_region":"6","fk_comuna":"59","fk_localidad":"17","local_nombre":"MAICAO","comuna_nombre":"LIMACHE","localidad_nombre":"LIMACHE","local_direccion":"AVENIDA  JOSE TOMÁS URMENETA 50","funcionamiento_hora_apertura":"09:00:00","funcionamiento_hora_cierre":"08:59:00","local_telefono":"","local_lat":"-32.9848809","local_lng":"-71.2765126","funcionamiento_dia":"miercoles"},{"fecha":"2026-01-14","local_id":"10218","fk_region":"10","fk_comuna":"204","fk_localidad":"223","local_nombre":"FARMACIA ANDALUE","comuna_nombre":"CHIGUAYANTE","localidad_nombre":"CHIGUAYANTE LOCALIDAD 1","local_direccion":"CALLE FRESIA 38","funcionamiento_hora_apertura":"09:00:00","funcionamiento_hora_cierre":"08:59:00","local_telefono":"","local_lat":"-36.9085748","local_lng":"-73.0308429","funcionamiento_dia":"miercoles"},{"fecha":"2026-01-14","local_id":"10286","fk_region":"9","fk_comuna":"181","fk_localidad":"200","local_nombre":"FARMACIA FARMAFER N° 2","comuna_nombre":"MOLINA","localidad_nombre":"MOLINA","local_direccion":"AVENIDA LUIS CRUZ MARTINEZ, 1798, MOLINA","funcionamiento_hora_apertura":"09:00:00","funcionamiento_hora_cierre":"01:00:00","local_telefono":"","local_lat":"-35.11241102318462","local_lng":"-71.28581050764751","funcionamiento_dia":"miercoles"},{"fecha":"2026-01-14","local_id":"10400","fk_region":"5","fk_comuna":"43","fk_localidad":"99","local_nombre":"FARMACIA MAICAO","comuna_nombre":"SALAMANCA","localidad_nombre":"SALAMANCA","local_direccion":"Manuel Bulnes 499","funcionamiento_hora_apertura":"09:00:00","funcionamiento_hora_cierre":"23:00:00","local_telefono":"+56982098605","local_lat":"-31.7815838","local_lng":"-70.9646939","funcionamiento_dia":"miercoles"},{"fecha":"2026-01-14","local_id":"10666","fk_region":"6","fk_comuna":"52","fk_localidad":"50","local_nombre":" FARMACIA SAN PABLO","comuna_nombre":"EL TABO","localidad_nombre":"El TABO","local_direccion":"AVENIDA LAS SALINAS 245","funcionamiento_hora_apertura":"09:00:00","funcionamiento_hora_cierre":"23:00:00","local_telefono":"","local_lat":"-33.4922818","local_lng":"-71.6223721","funcionamiento_dia":"miercoles"},{"fecha":"2026-01-01","local_id":"10883","fk_region":"11","fk_comuna":"281","fk_localidad":"300","local_nombre":"FARMACIA CRUZ VERDE LOCAL 1224","comuna_nombre":"VILLARRICA","localidad_nombre":"VILLARRICA","local_direccion":"CALLE CAMILO HENRIQUEZ  320","funcionamiento_hora_apertura":"00:00:00","funcionamiento_hora_cierre":"23:59:00","local_telefono":"","local_lat":"-39.2804774","local_lng":"-72.2253331","funcionamiento_dia":"martes"},{"fecha":"2026-01-14","local_id":"11056","fk_region":"11","fk_comuna":"267","fk_localidad":"286","local_nombre":"FARMACIA ESFARMA ","comuna_nombre":"NUEVA IMPERIAL","localidad_nombre":"NUEVA IMPERIAL","local_direccion":"CALLE SOTOMAYOR 423","funcionamiento_hora_apertura":"09:00:00","funcionamiento_hora_cierre":"08:59:00","local_telefono":"998051738","local_lat":"-38.746106","local_lng":"-72.9514924","funcionamiento_dia":"miercoles"},{"fecha":"2026-01-14","local_id":"11177","fk_region":"11","fk_comuna":"252","fk_localidad":"271","local_nombre":"FARMACIA CRUZ VERDE LOCAL 1196","comuna_nombre":"CARAHUE","localidad_nombre":"CARAHUE","local_direccion":"CALLE LAUTARO 198","funcionamiento_hora_apertura":"09:00:00","funcionamiento_hora_cierre":"08:59:00","local_telefono":"226944000","local_lat":"-38.7113455","local_lng":"-73.167083","funcionamiento_dia":"miercoles"},{"fecha":"2026-01-14","local_id":"11187","fk_region":"12","fk_comuna":"283","fk_localidad":"302","local_nombre":"AHUMADA ","comuna_nombre":"FUTRONO","localidad_nombre":"FUTRONO","local_direccion":"CALLE BALMACEDA  526","funcionamiento_hora_apertura":"09:00:00","funcionamiento_hora_cierre":"08:59:00","local_telefono":"","local_lat":"-40.1291435","local_lng":"-72.3878777","funcionamiento_dia":"miercoles"},{"fecha":"2026-01-14","local_id":"11216","fk_region":"11","fk_comuna":"281","fk_localidad":"450","local_nombre":"FARMACIA MEDI-MARKET","comuna_nombre":"VILLARRICA","localidad_nombre":"LICAN RAY","local_direccion":"CALLE GENERAL URRUTUIA 520","funcionamiento_hora_apertura":"09:00:00","funcionamiento_hora_cierre":"08:59:00","local_telefono":"984476625","local_lat":"-39.2789921","local_lng":"-72.2268235","funcionamiento_dia":"miercoles"},{"fecha":"2026-01-14","local_id":"11306","fk_region":"12","fk_comuna":"286","fk_localidad":"305","local_nombre":"CRUZ VERDE ","comuna_nombre":"LANCO","localidad_nombre":"LANCO","local_direccion":"CALLE LIBERTAD  302","funcionamiento_hora_apertura":"09:00:00","funcionamiento_hora_cierre":"08:59:00","local_telefono":"","local_lat":"-39.4528108","local_lng":"-72.7744324","funcionamiento_dia":"miercoles"},{"fecha":"2026-01-14","local_id":"11531","fk_region":"9","fk_comuna":"194","fk_localidad":"417","local_nombre":"FARMACIA 8 SUR","comuna_nombre":"TALCA","localidad_nombre":"TALCA PERIMETRAL","local_direccion":"CALLE 8 SUR 2630","funcionamiento_hora_apertura":"09:00:00","funcionamiento_hora_cierre":"23:00:00","local_telefono":"","local_lat":"-35.4379939","local_lng":"-71.6409601","funcionamiento_dia":"miercoles"},{"fecha":"2026-01-14","local_id":"11631","fk_region":"6","fk_comuna":"50","fk_localidad":"8","local_nombre":"FARMACIA TODOFARMA ","comuna_nombre":"CONCON","localidad_nombre":"CONCON","local_direccion":"AVENIDA MONTEMAR 264","funcionamiento_hora_apertura":"09:00:00","funcionamiento_hora_cierre":"08:59:00","local_telefono":"944654780","local_lat":"-32.9415324","local_lng":"-71.5202557","funcionamiento_dia":"miercoles"},{"fecha":"2026-01-14","local_id":"11722","fk_region":"6","fk_comuna":"69","fk_localidad":"32","local_nombre":"CRUZ VERDE ","comuna_nombre":"QUILLOTA","localidad_nombre":"QUILLOTA","local_direccion":"CALLE CHACABUCO 299","funcionamiento_hora_apertura":"09:00:00","funcionamiento_hora_cierre":"08:59:00","local_telefono":"","local_lat":"-32.8783332","local_lng":"-71.2465049","funcionamiento_dia":"miercoles"},{"fecha":"2026-01-14","local_id":"11747","fk_region":"7","fk_comuna":"118","fk_localidad":"555","local_nombre":"PORTEZUELO","comuna_nombre":"PUDAHUEL","localidad_nombre":"TURNOS","local_direccion":"CALLE ISLA PORTEZUELO 637","funcionamiento_hora_apertura":"08:00:00","funcionamiento_hora_cierre":"07:59:00","local_telefono":"","local_lat":"-33.45110144110663","local_lng":"-70.76312453031116","funcionamiento_dia":"miercoles"},{"fecha":"2026-01-14","local_id":"11759","fk_region":"5","fk_comuna":"37","fk_localidad":"93","local_nombre":"AHUMADA","comuna_nombre":"LOS VILOS","localidad_nombre":"LOS VILOS","local_direccion":"CALLE CAUPOLICAN 575","funcionamiento_hora_apertura":"09:00:00","funcionamiento_hora_cierre":"23:00:00","local_telefono":"232740869","local_lat":"-31.9104165","local_lng":"-71.5090694","funcionamiento_dia":"miercoles"},{"fecha":"2026-01-14","local_id":"11898","fk_region":"13","fk_comuna":"302","fk_localidad":"321","local_nombre":"FARMACIA DR. SIMI L441","comuna_nombre":"FRESIA","localidad_nombre":"FRESIA","local_direccion":"CALLE SAN TEODORO  395","funcionamiento_hora_apertura":"09:00:00","funcionamiento_hora_cierre":"23:00:00","local_telefono":"942974515","local_lat":"-41.15534","local_lng":"-73.4199","funcionamiento_dia":"miercoles"},{"fecha":"2026-01-14","local_id":"11945","fk_region":"11","fk_comuna":"280","fk_localidad":"299","local_nombre":"Farmacias del Dr Simi local F0509","comuna_nombre":"VILCUN","localidad_nombre":"VILCUN","local_direccion":"AVENIDA ARTURO PRAT  589","funcionamiento_hora_apertura":"09:00:00","funcionamiento_hora_cierre":"08:59:00","local_telefono":"983600690","local_lat":"-38.6700345","local_lng":"-72.2269654","funcionamiento_dia":"miercoles"},{"fecha":"2026-01-01","local_id":"11955","fk_region":"3","fk_comuna":"13","fk_localidad":"69","local_nombre":"CRUZ VERDE","comuna_nombre":"CALAMA","localidad_nombre":"CALAMA","local_direccion":"CALLE ALONSO ERCILLA 2192","funcionamiento_hora_apertura":"00:00:00","funcionamiento_hora_cierre":"23:59:00","local_telefono":"226944000","local_lat":"-22.4526379","local_lng":"-68.9288743","funcionamiento_dia":"martes"},{"fecha":"2026-01-14","local_id":"12051","fk_region":"4","fk_comuna":"23","fk_localidad":"79","local_nombre":"FARMACIA CRUZ VERDE","comuna_nombre":"CHAÑARAL","localidad_nombre":"CHAÑARAL","local_direccion":"CALLE BUIN 452","funcionamiento_hora_apertura":"09:00:00","funcionamiento_hora_cierre":"08:59:00","local_telefono":"999463092","local_lat":"-26.3482468","local_lng":"-70.622185","funcionamiento_dia":"miercoles"},{"fecha":"2026-01-14","local_id":"12099","fk_region":"10","fk_comuna":"218","fk_localidad":"237","local_nombre":"FARMACIA FARMASALUD LEBU","comuna_nombre":"LEBU","localidad_nombre":"LEBU LOCALIDAD 1","local_direccion":"CALLE RIOSECO 267","funcionamiento_hora_apertura":"09:00:00","funcionamiento_hora_cierre":"08:59:00","local_telefono":"998442315","local_lat":"-37.6083989","local_lng":"-73.6528506","funcionamiento_dia":"miercoles"},{"fecha":"2026-01-14","local_id":"12163","fk_region":"3","fk_comuna":"19","fk_localidad":"75","local_nombre":"CRUZ VERDE","comuna_nombre":"TALTAL","localidad_nombre":"TALTAL","local_direccion":"CALLE ARTURO PRAT 701","funcionamiento_hora_apertura":"09:00:00","funcionamiento_hora_cierre":"23:00:00","local_telefono":"988281986","local_lat":"-25.4065291","local_lng":"-70.4845326","funcionamiento_dia":"miercoles"},{"fecha":"2026-01-14","local_id":"12247","fk_region":"8","fk_comuna":"165","fk_localidad":"184","local_nombre":"FARMACIA SANTA CRUZ","comuna_nombre":"SAN FERNANDO","localidad_nombre":"SAN FERNANDO","local_direccion":"AVENIDA BERNARDO OHIGGINS 455","funcionamiento_hora_apertura":"08:00:00","funcionamiento_hora_cierre":"23:59:00","local_telefono":"","local_lat":"-34.5895344","local_lng":"-70.9861633","funcionamiento_dia":"miercoles"}]